converterSerial,bgswid,objectName,gateway,GW_online,GW_health,GW_last_seen,FWversion,connection,mobile_rssi,disconnects_last_24h,gotVislist,vislistCount,isBinded,inVislist,seenCountToday,see_MBP_reqs,see_MDP_resps,resp_status_ok,conv_error_and_MB_exception
00042331,25716973,Goltzstraße 49,020000014000696B,YES,ok,2025-10-14 06:49,3.1.21-vfde-59,mobile,-79,0,YES,4,YES,NO
00176240,2904905,Kinzigstraße 37,0700000170010782,NO,critical,2025-10-04 14:09,vfde-57-beta-4,unknown,,0,SKIP
00176314,2972107,Platz der Vereinten Nationen 27,02000001400075B5,YES,ok,2025-10-14 06:51,3.1.21-vfde-59,mobile,-79,1,YES,1,NO,NO
00176181,2946062,Modersohnstraße 70,02000001400074FF,YES,ok,2025-10-14 06:51,3.1.21-vfde-59,mobile,-77,0,YES,0,YES,NO
00176342,2955302,Nikolaikirchplatz 5,02000001400075A1,NO,ok,2025-10-14 06:38,3.1.21-vfde-57,mobile,-83,48,NO
00176254,2955302,Nikolaikirchplatz 5,02000001400075A1,NO,ok,2025-10-14 06:38,3.1.21-vfde-57,mobile,-83,48,NO
00042351,1101,Michael-Schumacher-Str.1,0200000140002F7A,NO,critical,2024-08-30 04:55,3.1.21-vfde-56,mobile,-69,0,SKIP
00176027,2909038,Kochhannstraße 15a,020000014000696A,YES,ok,2025-10-14 06:51,3.1.21-vfde-59,mobile,-89,0,YES,231,YES,NO
00042324,3037943,Torstraße 208,02000001400075F2,YES,ok,2025-10-14 06:50,3.1.21-vfde-57,mobile,-81,0,YES,47,YES,NO
00176198,22715389,Habersaathstraße 4,020000014000726A,YES,ok,2025-10-14 06:49,3.1.21-vfde-59,mobile,-61,0,YES,4,YES,YES,91,NO,NO,NO,
00176184,2972111,Platz der Vereinten Nationen 31,02000001400076A9,YES,ok,2025-10-14 06:52,3.1.21-vfde-57,mobile,-75,0,YES,7,YES,YES,49,NO,NO,NO,
00176368,2752327,Alexandrinenstraße 35,020000014000767A,YES,ok,2025-10-14 06:50,3.1.21-vfde-59,mobile,-77,0,YES,181,YES,YES,91,NO,NO,NO,
00176019,3023629,Stralauer Allee 31c,0200000140006FB1,YES,ok,2025-10-14 06:53,3.1.21-vfde-59,mobile,-85,0,YES,20,YES,YES,96,NO,NO,NO,
00176375,2928493,Linienstraße 119c ,0200000140006E91,YES,ok,2025-10-14 06:50,3.1.21-vfde-59,mobile,-77,0,YES,97,YES,YES,96,NO,NO,NO,
00176010,3004865,Schreinerstraße 16,0200000140006947,YES,ok,2025-10-14 06:49,3.1.21-vfde-57,mobile,-83,0,YES,251,YES,YES,50,NO,NO,NO,
00175989,32328120,Lichtenberger Straße 22,020000014000775C,YES,ok,2025-10-14 06:52,3.1.21-vfde-59,mobile,-81,0,YES,128,YES,YES,92,NO,NO,NO,
00175840,3030804,Südekumzeile 7b,02000001400068D9,YES,ok,2025-10-14 06:52,3.1.21-vfde-59,mobile,-83,0,YES,2,YES,YES,95,NO,NO,NO,
00187656,2999541,Scharnweberstraße 59,02000001400069FE,YES,ok,2025-10-14 06:51,3.1.21-vfde-59,mobile,-65,0,YES,83,YES,YES,86,NO,NO,NO,
00176348,2923353,Leipziger Straße 41,020000014000710F,YES,ok,2025-10-14 06:53,3.1.21-vfde-59,mobile,-79,0,YES,4,YES,YES,85,NO,NO,NO,
00187661,2796561,Boxhagener Straße 116,0200000140006A3A,YES,ok,2025-10-14 06:50,3.1.21-vfde-59,mobile,-85,0,YES,104,YES,YES,12,NO,NO,NO,
00176262,2814182,Danneckerstraße 23,0200000140006347,YES,ok,2025-10-14 06:51,3.1.21-vfde-59,mobile,-77,0,YES,206,YES,YES,97,NO,NO,NO,
00176189,2972105,Platz der Vereinten Nationen 25,020000014000722C,YES,ok,2025-10-14 06:50,3.1.21-vfde-59,mobile,-87,0,YES,2,YES,YES,64,NO,NO,NO,
00175846,2854749,Goethestraße 11,0200000140002E70,YES,ok,2025-10-14 06:50,3.1.21-vfde-59,mobile,-63,0,YES,82,YES,YES,92,NO,NO,NO,
00187671,2893910,Jungstraße 16,0200000140006A53,YES,ok,2025-10-14 06:52,3.1.21-vfde-59,mobile,-91,14,YES,41,YES,YES,88,NO,NO,NO,
00175845,24799918,Brunsbütteler Damm 291,02000001400069C4,YES,ok,2025-10-14 06:49,3.1.21-vfde-59,mobile,-83,0,YES,2,YES,YES,96,NO,NO,NO,
00176099,2807975,Cauerstraße 12,02000001400062F5,YES,ok,2025-10-14 06:49,3.1.21-vfde-59,mobile,-75,0,YES,516,YES,YES,89,NO,NO,NO,
00176291,2928480,Linienstraße 95,0200000140006A59,YES,ok,2025-10-14 06:51,3.1.21-vfde-59,mobile,-91,2,YES,132,YES,YES,94,NO,NO,NO,
00176286,2863249,Gubener Straße 55,02000001400068A6,YES,ok,2025-10-14 06:49,3.1.21-vfde-59,mobile,-77,0,YES,42,YES,YES,61,NO,NO,NO,
00175882,2984695,Richard-Sorge-Straße 70,0200000140006A39,YES,ok,2025-10-14 06:49,3.1.21-vfde-59,mobile,-81,1,YES,474,YES,YES,94,NO,NO,NO,
00175889,2934235,Magistratsweg 109,0200000140006A01,YES,ok,2025-10-14 06:50,3.1.21-vfde-59,mobile,-77,0,YES,33,YES,YES,93,NO,NO,NO,
00175862,2839734,Frankfurter Allee 86a,020000014000723E,YES,ok,2025-10-14 06:51,3.1.21-vfde-59,mobile,-69,1,YES,92,YES,YES,77,NO,NO,NO,
00176093,2809319,Chausseestraße 52,0200000140006EE5,YES,ok,2025-10-14 06:50,3.1.21-vfde-59,mobile,-79,0,YES,71,YES,YES,82,NO,NO,NO,
00170501,2768347,Andreasstraße 31,0200000140006351,YES,ok,2025-10-14 06:50,3.1.21-vfde-59,mobile,-83,0,YES,181,YES,YES,98,NO,NO,NO,
00176020,3051643,Weidenweg 65,0200000140006A65,YES,ok,2025-10-14 06:50,3.1.21-vfde-59,mobile,-71,0,YES,135,YES,YES,94,NO,NO,NO,
00176271,2900006,Karl-Marx-Allee 23,020000014000786F,YES,ok,2025-10-14 06:50,3.1.21-vfde-59,mobile,-77,1,YES,6,YES,YES,96,NO,NO,NO,
00176203,6277802,Neue Schönhauser Straße 1b,0200000140007864,YES,ok,2025-10-14 06:49,3.1.21-vfde-59,mobile,-91,1,YES,4,YES,YES,40,NO,NO,NO,
00176331,3015019,Singerstraße 50,0200000140006988,YES,ok,2025-10-14 06:52,3.1.21-vfde-59,mobile,-77,0,YES,168,YES,YES,89,NO,NO,NO,
00176312,2920435,Lange Straße 84,02000001400069AD,YES,ok,2025-10-14 06:50,3.1.21-vfde-59,mobile,-77,0,YES,2,YES,YES,96,NO,NO,NO,
00176355,3048048,Wallstraße 1,020000014000772A,YES,ok,2025-10-14 06:51,3.1.21-vfde-59,mobile,-81,0,YES,54,YES,YES,89,NO,NO,NO,
00170511,2773985,Auguststraße 26b,020000014000783B,YES,ok,2025-10-14 06:49,3.1.21-vfde-59,mobile,-89,0,YES,89,YES,YES,95,NO,NO,NO,
00176317,2732079,Platz der Vereinten Nationen 23,02000001400075C1,YES,ok,2025-10-14 06:49,3.1.21-vfde-59,mobile,-77,0,YES,1,YES,YES,94,NO,NO,NO,
00176124,3050247,Wasserwerkstraße 11,020000014000687C,YES,ok,2025-10-14 06:49,3.1.21-vfde-59,mobile,-85,2,YES,263,YES,YES,0,NO,NO,NO,
00175860,2964206,Palisadenstraße 62,020000014000714F,YES,ok,2025-10-14 06:51,3.1.21-vfde-59,mobile,-71,0,YES,6,YES,YES,96,NO,NO,NO,
00175971,2944033,Michaelkirchplatz 7,0200000140007825,YES,ok,2025-10-14 06:49,3.1.21-vfde-59,mobile,-75,0,YES,29,YES,YES,88,NO,NO,NO,
00176260,2972088,Platz der Vereinten Nationen 5,0200000140007286,YES,ok,2025-10-14 06:49,3.1.21-vfde-59,mobile,-69,0,YES,1,YES,YES,94,NO,NO,NO,
00176366,2929234,Lobeckstraße 42,020000014000722E,YES,ok,2025-10-14 06:50,3.1.21-vfde-59,mobile,-73,1,YES,178,YES,YES,84,NO,NO,NO,
00176285,2972095,Platz der Vereinten Nationen 12,020000014000701A,YES,ok,2025-10-14 06:50,3.1.21-vfde-57,mobile,-81,0,YES,102,YES,YES,97,NO,NO,NO,
00176395,2768361,Andreasstraße 61,02000001400062BD,YES,ok,2025-10-14 06:50,3.1.21-vfde-59,mobile,-75,0,YES,72,YES,YES,95,NO,NO,NO,
00176319,2972109,Platz der Vereinten Nationen 29,02000001400075D0,YES,ok,2025-10-14 06:50,3.1.21-vfde-59,mobile,-81,0,YES,2,YES,YES,0,NO,NO,NO,
00042332,3037896,Torstraße 150,0200000140007073,YES,ok,2025-10-14 06:50,3.1.21-vfde-59,mobile,-83,0,YES,129,YES,NO
00176109,6526891,Graudenzer Straße 21d,020000014000625F,YES,ok,2025-10-14 06:49,3.1.21-vfde-59,mobile,-77,0,YES,190,YES,YES,91,NO,NO,NO,
00170530,2900005,Karl-Marx-Allee 21,02000001400068EB,YES,ok,2025-10-14 06:52,3.1.21-vfde-59,mobile,-67,2,YES,6,YES,YES,33,NO,NO,NO,
00176122,2973105,Poststraße 2,02000001400071DD,YES,ok,2025-10-14 06:51,3.1.21-vfde-57,mobile,-79,1,YES,54,YES,YES,81,NO,NO,NO,
00176245,3027620,Straßmannstraße 13a,0200000140007262,YES,ok,2025-10-14 06:49,3.1.21-vfde-59,mobile,-81,0,YES,36,YES,YES,89,NO,NO,NO,
00176263,2811057,Corinthstraße 6,020000014000628E,YES,ok,2025-10-14 06:49,3.1.21-vfde-59,mobile,-85,0,YES,104,YES,YES,91,NO,NO,NO,
00176081,3003068,Schmidstraße 2d,0200000140007826,YES,ok,2025-10-14 06:52,3.1.21-vfde-59,mobile,-75,0,YES,46,YES,YES,95,NO,NO,NO,
00176103,3056951,Wielandstraße 39,0200000140006360,YES,ok,2025-10-14 06:49,3.1.21-vfde-59,mobile,-77,0,YES,275,YES,YES,84,NO,NO,NO,
00176334,2972084,Platz der Vereinten Nationen 1,0200000140007521,YES,ok,2025-10-14 06:50,3.1.21-vfde-59,mobile,-69,0,YES,48,YES,YES,90,NO,NO,NO,
00176265,2843061,Friedrichstraße 172,02000001400070D0,YES,ok,2025-10-14 06:51,3.1.21-tarent-55,mobile,-85,0,YES,20,YES,YES,88,NO,NO,NO,
00176261,3253633,Alt-Stralau 32b,0200000140006884,YES,ok,2025-10-14 06:50,3.1.21-vfde-59,mobile,-59,0,YES,10,YES,YES,96,NO,NO,NO,
00175994,2828555,Engeldamm 42,0200000140007486,YES,ok,2025-10-14 06:52,3.1.21-vfde-57,mobile,-73,0,YES,9,YES,YES,89,NO,NO,NO,
00187611,2842670,Friedrichsberger Straße 15,0200000140006991,YES,ok,2025-10-14 06:49,3.1.21-vfde-59,mobile,-79,0,YES,20,YES,YES,95,NO,NO,NO,
00175988,2918921,Löwestraße 9,0200000140006A50,YES,ok,2025-10-14 06:49,3.1.21-vfde-59,mobile,-85,1,YES,218,YES,YES,27,NO,NO,NO,
00176243,3044472,Voigtstraße 26,0200000140006A67,NO,ok,2025-10-14 04:49,3.1.21-vfde-59,mobile,-71,2,NO
00176393,2891314,Jacobystraße 2,020000014000690D,YES,ok,2025-10-14 06:50,3.1.21-vfde-57,mobile,-79,0,YES,1,YES,YES,95,NO,NO,NO,
00176078,2932117,Lübbener Straße 29,0200000140006891,YES,ok,2025-10-14 06:49,3.1.21-vfde-59,mobile,-85,42,YES,45,YES,YES,87,NO,NO,NO,
00175880,2918938,Löwestraße 25a,02000001400068FC,YES,ok,2025-10-14 06:49,3.1.21-vfde-59,mobile,-77,0,YES,167,YES,YES,90,NO,NO,NO,
00176102,2911879,Koppenstraße 66,020000014000697E,YES,ok,2025-10-14 06:49,3.1.21-vfde-59,mobile,-75,0,YES,213,YES,YES,86,NO,NO,NO,
00176259,2922641,Lehmbruckstraße 9,0200000140006EA8,YES,ok,2025-10-14 06:50,3.1.21-vfde-59,mobile,-67,0,YES,80,YES,YES,92,NO,NO,NO,
00176095,2863362,Guerickestraße 1,0200000140006344,YES,ok,2025-10-14 06:53,3.1.21-vfde-59,mobile,-71,0,YES,451,YES,YES,86,NO,NO,NO,
00176202,2950626,Münzstraße 7,020000014000748C,YES,ok,2025-10-14 06:51,3.1.21-vfde-59,mobile,-75,0,YES,125,YES,YES,86,NO,NO,NO,
00176279,3044456,Voigtstraße 9,0200000140006944,YES,ok,2025-10-14 06:52,3.1.21-vfde-59,mobile,-81,0,YES,157,YES,YES,83,NO,NO,NO,
00176248,2873305,Heidenfeldstraße 5,020000014000766A,YES,ok,2025-10-14 06:51,3.1.21-vfde-59,mobile,-75,3,YES,588,YES,YES,92,NO,NO,NO,
00176282,2972092,Platz der Vereinten Nationen 9,0200000140006FCE,YES,ok,2025-10-14 06:50,3.1.21-vfde-59,mobile,-67,0,YES,1,YES,YES,94,NO,NO,NO,
00175950,2936553,Marchlewskistraße 20,02000001400068D3,YES,ok,2025-10-14 06:51,3.1.21-tarent-52,mobile,-81,504,YES,165,YES,YES,89,NO,NO,NO,
00176185,2919793,Landsberger Allee 68c,02000001400070E4,YES,ok,2025-10-14 06:53,3.1.21-vfde-57,mobile,-83,0,YES,10,YES,YES,79,NO,NO,NO,
00176344,2778855,Bauhofstraße 2,02000001400072D0,YES,ok,2025-10-14 06:49,3.1.21-vfde-59,mobile,-81,0,YES,3,YES,YES,94,NO,NO,NO,
00176114,2858106,Graudenzer Straße 8,020000014000640C,YES,ok,2025-10-14 06:50,3.1.21-vfde-59,mobile,-81,0,YES,288,YES,YES,64,NO,NO,NO,
00176190,2972090,Platz der Vereinten Nationen 7,020000014000723D,YES,ok,2025-10-14 06:51,3.1.21-vfde-57,mobile,-69,0,YES,1,YES,YES,82,NO,NO,NO,
00176385,2900012,Karl-Marx-Allee 41,020000014000688D,YES,ok,2025-10-14 06:50,3.1.21-vfde-59,mobile,-83,0,YES,41,YES,YES,88,NO,NO,NO,
00176247,2806990,Büschingstraße 11,0200000140006886,YES,ok,2025-10-14 06:49,3.1.21-vfde-59,mobile,-81,0,YES,61,YES,YES,98,NO,NO,NO,
00176079,2942644,Melchiorstraße 2,0200000140007858,YES,ok,2025-10-14 06:50,3.1.21-vfde-59,mobile,-83,0,YES,123,YES,YES,91,NO,NO,NO,
00176056,3253632,Alt-Stralau 32,0200000140006A43,YES,ok,2025-10-14 06:50,3.1.21-vfde-59,mobile,-81,0,YES,2,YES,YES,97,NO,NO,NO,
00176343,11498703,Bauhofstraße 3,0200000140007270,YES,ok,2025-10-14 06:51,3.1.21-vfde-57,mobile,-73,0,YES,4,YES,YES,95,NO,NO,NO,
00176359,2930470,Luckauer Straße 16,020000014000778D,YES,ok,2025-10-14 06:53,3.1.21-vfde-59,mobile,-77,0,YES,58,YES,YES,90,NO,NO,NO,
00176391,2785821,Berolinastraße 20,02000001400073FA,YES,ok,2025-10-14 06:53,3.1.21-vfde-59,mobile,-67,0,YES,29,YES,YES,86,NO,NO,NO,
00176182,2925702,Lichtenberger Straße 16,0200000140006FCD,YES,ok,2025-10-14 06:53,3.1.21-vfde-59,mobile,-69,0,YES,5,YES,YES,89,NO,NO,NO,
00175837,2891317,Jacobystraße 6,0200000140007215,YES,ok,2025-10-14 06:52,3.1.21-vfde-59,mobile,-75,0,YES,3,YES,YES,82,NO,NO,NO,
00175894,2900019,Karl-Marx-Allee 8,0200000140007693,YES,ok,2025-10-14 06:49,3.1.21-vfde-59,mobile,-63,0,YES,4,YES,YES,89,NO,NO,NO,
00176029,3004882,Schreinerstraße 34,0200000140006F60,YES,ok,2025-10-14 06:53,3.1.21-vfde-57,mobile,-91,178,YES,11,YES,YES,53,NO,NO,NO,
00176085,2852008,Ghanastraße 35,0200000140006922,YES,ok,2025-10-14 06:49,3.1.21-vfde-59,mobile,-85,0,YES,168,YES,YES,91,NO,NO,NO,
00187606,2773162,Auerstraße 14,0200000140006A45,YES,ok,2025-10-14 06:53,3.1.21-vfde-59,mobile,-91,11,YES,199,YES,YES,59,NO,NO,NO,
00187654,3066825,Zellestraße 10,02000001400062AD,YES,ok,2025-10-14 06:50,3.1.21-vfde-59,mobile,-81,2,YES,8,YES,YES,80,NO,NO,NO,
00176070,2852011,Ghanastraße 40,02000001400071DF,YES,ok,2025-10-14 06:52,3.1.21-vfde-59,mobile,-77,0,YES,113,YES,YES,84,NO,NO,NO,
00176384,2756552,Alte Schönhauser Straße 30,020000014000779A,YES,ok,2025-10-14 06:53,3.1.21-vfde-59,mobile,-85,0,YES,5,YES,YES,97,NO,NO,NO,
00176297,2941785,Mecklenburgische Straße 86,020000014000693F,YES,ok,2025-10-14 06:49,3.1.21-vfde-59,mobile,-71,0,YES,167,YES,YES,83,NO,NO,NO,
00176347,2953087,Neue Schönhauser Straße 18,020000014000770C,YES,ok,2025-10-14 06:49,3.1.21-tarent-55,mobile,-79,0,YES,0,YES,NO
00176117,2811061,Corinthstraße 14,0200000140006294,YES,ok,2025-10-14 06:53,3.1.21-vfde-57,mobile,-79,1,YES,21,YES,YES,94,NO,NO,NO,
00176205,2953087,Neue Schönhauser Straße 18,020000014000770C,YES,ok,2025-10-14 06:49,3.1.21-tarent-55,mobile,-79,0,YES,0,YES,NO
00176138,8312323,Alexanderstraße 27,020000014000722D,YES,ok,2025-10-14 06:51,3.1.21-vfde-59,mobile,-79,0,YES,2,YES,YES,95,NO,NO,NO,
00175983,2899988,Karl-Liebknecht-Straße 9,02000001400071DB,YES,ok,2025-10-14 06:51,3.1.21-vfde-59,mobile,-81,0,YES,5,YES,YES,87,NO,NO,NO,
00176028,3023630,Stralauer Allee 32,0200000140007759,YES,ok,2025-10-14 06:48,3.1.21-vfde-59,mobile,-69,1,YES,51,YES,YES,91,NO,NO,NO,
00176171,2911875,Koppenstraße 60,02000001400068D0,YES,ok,2025-10-14 06:51,3.1.21-vfde-59,mobile,-57,0,YES,171,YES,YES,94,NO,NO,NO,
00187614,24799913,Brunsbütteler Damm 285,07000001700204EF,YES,ok,2025-10-14 06:52,vfde-59,mobile,-82,42,YES,1,YES,YES,131,NO,NO,NO,
00176341,3018887,Spreeufer 2,0200000140007030,YES,ok,2025-10-14 06:50,3.1.21-vfde-59,mobile,-81,0,YES,69,YES,YES,87,NO,NO,NO,
00175908,2946565,Mollstraße 29,02000001400068F5,YES,ok,2025-10-14 06:49,3.1.21-vfde-59,mobile,-61,0,YES,22,YES,YES,96,NO,NO,NO,
00176357,2753054,Almstadtstraße 55,02000001400074AC,YES,ok,2025-10-14 06:51,3.1.21-vfde-59,mobile,-67,0,YES,342,YES,YES,86,NO,NO,NO,
00176239,2796541,Boxhagener Straße 93,07000001700204F9,YES,ok,2025-10-14 06:48,vfde-59,mobile,,0,YES,31,YES,YES,94,NO,NO,NO,
00176118,2807973,Cauerstraße 10,0200000140006343,YES,ok,2025-10-14 06:49,3.1.21-vfde-59,mobile,-83,0,YES,291,YES,YES,86,NO,NO,NO,
00176213,3037943,Torstraße 208,02000001400075F2,YES,ok,2025-10-14 06:50,3.1.21-vfde-57,mobile,-81,0,YES,47,YES,YES,89,NO,NO,NO,
00176277,2819191,Dossestraße 6,02000001400062F9,YES,ok,2025-10-14 06:51,3.1.21-vfde-59,mobile,-83,0,YES,5,YES,YES,85,NO,NO,NO,
00176352,2896344,Köpenicker Straße 100,0200000140007610,YES,ok,2025-10-14 06:49,3.1.21-vfde-59,mobile,-81,1,YES,95,YES,YES,95,NO,NO,NO,
00175884,3004895,Schreinerstraße 52,0200000140006951,YES,ok,2025-10-14 06:52,3.1.21-vfde-59,mobile,-77,0,YES,186,YES,YES,85,NO,NO,NO,
00176169,2900110,Karl-Marx-Allee 70h,02000001400075C6,YES,ok,2025-10-14 06:49,3.1.21-vfde-59,mobile,-69,0,YES,178,YES,NO
00187583,2796560,Boxhagener Straße 115,0200000140006A1B,YES,ok,2025-10-14 06:51,3.1.21-vfde-59,mobile,-79,0,YES,46,YES,YES,88,NO,NO,NO,
00176200,2756554,Alte Schönhauser Straße 32a,0200000140007853,YES,ok,2025-10-14 06:52,3.1.21-vfde-59,mobile,-91,4,YES,7,YES,YES,21,NO,NO,NO,
00176116,2819201,Dossestraße 16,02000001400073EF,YES,ok,2025-10-14 06:53,3.1.21-vfde-59,mobile,-87,0,YES,5,YES,YES,86,NO,NO,NO,
00175893,2883438,Holzmarktstraße 54,020000014000782F,YES,ok,2025-10-14 06:51,3.1.21-vfde-59,mobile,-73,0,YES,6,YES,YES,94,NO,NO,NO,
00176353,2756255,Alte Jakobstraße 46,0200000140007058,YES,ok,2025-10-14 06:49,3.1.21-vfde-59,mobile,-85,0,YES,89,YES,YES,95,NO,NO,NO,
00176090,24799898,Brunsbütteler Damm 269,020000014000699C,YES,ok,2025-10-14 06:50,3.1.21-vfde-59,mobile,-79,0,YES,3,YES,YES,96,NO,NO,NO,
00175948,2949618,Mühsamstraße 20,02000001400068C8,YES,ok,2025-10-14 06:51,3.1.21-vfde-59,mobile,-89,1,YES,530,YES,YES,93,NO,NO,NO,
00176067,2899987,Karl-Liebknecht-Straße 7,02000001400070CD,YES,ok,2025-10-14 06:50,3.1.21-vfde-59,mobile,-81,2,YES,6,YES,YES,87,NO,NO,NO,
00176337,2941050,Max-Beer-Straße 48,020000014000718F,YES,ok,2025-10-14 06:49,3.1.21-vfde-59,mobile,-73,2,YES,213,YES,YES,99,NO,NO,NO,
00175974,2936556,Marchlewskistraße 25,02000001400068A7,YES,ok,2025-10-14 06:50,3.1.21-vfde-59,mobile,-77,1,YES,48,YES,YES,42,NO,NO,NO,
00176026,2987414,Rochowstraße 12,02000001400069C1,YES,ok,2025-10-14 06:50,3.1.21-vfde-59,mobile,-77,0,YES,313,YES,YES,76,NO,NO,NO,
00176004,8312339,Alexanderstraße 15,0200000140007616,YES,ok,2025-10-14 06:51,3.1.21-vfde-59,mobile,-69,0,YES,1,YES,YES,93,NO,NO,NO,
00176362,2752329,Alexandrinenstraße 37,02000001400068C1,YES,ok,2025-10-14 06:50,3.1.21-vfde-59,mobile,-81,0,YES,241,YES,YES,92,NO,NO,NO,
00176023,2865107,Höchste Straße 6,0200000140006A57,YES,ok,2025-10-14 06:50,3.1.21-vfde-59,mobile,-77,0,YES,71,YES,YES,93,NO,NO,NO,
00176107,2858114,Graudenzer Straße 15c,0200000140006295,YES,ok,2025-10-14 06:51,3.1.21-vfde-59,mobile,-75,0,YES,262,YES,YES,89,NO,NO,NO,
00176369,2987039,Ritterstraße 44b,02000001400069DA,YES,ok,2025-10-14 06:51,3.1.21-vfde-57,mobile,-71,0,YES,6,YES,YES,87,NO,NO,NO,
00175985,2925703,Lichtenberger Straße 18,0200000140006323,YES,ok,2025-10-14 06:49,3.1.21-vfde-59,mobile,-79,0,YES,44,YES,YES,95,NO,NO,NO,
00176365,2960571,Oranienstraße 49,02000001400062D2,YES,ok,2025-10-14 06:50,3.1.21-vfde-59,mobile,-67,7,YES,146,YES,YES,94,NO,NO,NO,
00175931,3027841,Strausberger Straße 39,02000001400074C6,YES,ok,2025-10-14 06:50,3.1.21-vfde-59,mobile,-67,0,YES,52,YES,YES,97,NO,NO,NO,
00176250,2818093,Dolziger Straße 47,0200000140006289,YES,ok,2025-10-14 06:49,3.1.21-vfde-59,mobile,-77,1,YES,184,YES,YES,95,NO,NO,NO,
00176268,2843044,Friedrichstraße 106b,02000001400070CC,YES,ok,2025-10-14 06:50,3.1.21-vfde-59,mobile,-81,0,YES,6,YES,YES,77,NO,NO,NO,
00176301,2819970,Dreysestraße 14,0200000140007210,YES,ok,2025-10-14 06:50,3.1.21-vfde-59,mobile,-83,0,YES,125,YES,YES,83,NO,NO,NO,
00176328,2972085,Platz der Vereinten Nationen 2,0200000140007298,YES,ok,2025-10-14 06:52,3.1.21-vfde-59,mobile,-71,0,YES,54,YES,YES,87,NO,NO,NO,
00175973,3051638,Weidenweg 64,0200000140006FAE,YES,ok,2025-10-14 06:49,3.1.21-vfde-59,mobile,-85,0,YES,102,YES,YES,86,NO,NO,NO,
00175907,2964178,Palisadenstraße 35a,0200000140007534,YES,ok,2025-10-14 06:49,3.1.21-vfde-59,mobile,-73,0,YES,232,YES,YES,91,NO,NO,NO,
00175855,2911273,Kommandantenstraße 52,0700000170030581,YES,ok,2025-10-14 06:52,vfde-59,mobile,,0,YES,63,YES,YES,82,NO,NO,NO,
00187665,2810751,Colbestraße 11,02000001400063F6,YES,ok,2025-10-14 06:53,3.1.21-vfde-59,mobile,-87,0,YES,137,YES,YES,91,NO,NO,NO,
00176082,2942674,Melchiorstraße 40,0200000140007468,YES,ok,2025-10-14 06:53,3.1.21-vfde-59,mobile,-67,0,YES,39,YES,YES,90,NO,NO,NO,
00176307,3027850,Strausberger Straße 48,020000014000730C,YES,ok,2025-10-14 06:48,3.1.21-vfde-59,mobile,-71,0,YES,30,YES,YES,99,NO,NO,NO,
00176076,2828555,Engeldamm 42,0200000140007486,YES,ok,2025-10-14 06:52,3.1.21-vfde-57,mobile,-73,0,YES,9,YES,YES,90,NO,NO,NO,
00175865,3037919,Torstraße 207,02000001400074C0,YES,ok,2025-10-14 06:51,3.1.21-vfde-59,mobile,-91,2,YES,43,YES,YES,86,NO,NO,NO,
00176047,2896357,Köpenicker Straße 99,020000014000747A,YES,ok,2025-10-14 06:52,3.1.21-vfde-57,mobile,-75,0,YES,84,YES,YES,82,NO,NO,NO,
00176048,2938901,Markgrafenstraße 39,020000014000710D,YES,ok,2025-10-14 06:53,3.1.21-vfde-59,mobile,-73,0,YES,67,YES,YES,85,NO,NO,NO,
00176371,2928462,Linienstraße 79,0200000140006973,YES,ok,2025-10-14 06:50,3.1.21-vfde-59,mobile,-73,0,YES,322,YES,YES,91,NO,NO,NO,
00176121,2865862,Haberlandweg 2,02000001400073C3,YES,ok,2025-10-14 06:52,3.1.21-vfde-59,mobile,-81,0,YES,2,YES,YES,96,NO,NO,NO,
00176356,2950626,Münzstraße 7,020000014000748C,YES,ok,2025-10-14 06:51,3.1.21-vfde-59,mobile,-75,0,YES,125,YES,YES,87,NO,NO,NO,
00176080,2944033,Michaelkirchplatz 7,0200000140007825,YES,ok,2025-10-14 06:49,3.1.21-vfde-59,mobile,-75,0,YES,29,YES,YES,89,NO,NO,NO,
00176338,2942930,Memhardstraße 2,020000014000754F,YES,ok,2025-10-14 06:51,3.1.21-vfde-59,mobile,-77,0,YES,27,YES,YES,85,NO,NO,NO,
00176309,22715389,Habersaathstraße 4,020000014000726A,YES,ok,2025-10-14 06:49,3.1.21-vfde-59,mobile,-61,0,YES,4,YES,YES,87,NO,NO,NO,
00187595,2964197,Palisadenstraße 53,07000001700201ED,YES,ok,2025-10-14 06:53,vfde-59,mobile,-87,73,YES,4,YES,YES,75,NO,NO,NO,
00175979,24787201,Brunsbütteler Damm 303,0200000140006895,YES,ok,2025-10-14 06:50,3.1.21-vfde-59,mobile,-83,0,YES,2,YES,YES,98,NO,NO,NO,
00175912,2946564,Mollstraße 27,020000014000688C,YES,ok,2025-10-14 06:49,3.1.21-vfde-59,mobile,-73,0,YES,49,YES,YES,95,NO,NO,NO,
00176389,2900027,Karl-Marx-Allee 28,020000014000768E,YES,ok,2025-10-14 06:52,3.1.21-vfde-59,mobile,-79,0,YES,5,YES,YES,96,NO,NO,NO,
00175842,24799916,Brunsbütteler Damm 287,02000001400072F0,YES,ok,2025-10-14 06:53,3.1.21-vfde-59,mobile,-69,0,YES,4,YES,YES,96,NO,NO,NO,
00175824,2860651,Große Hamburger Straße 41,0200000140007650,YES,ok,2025-10-14 06:52,3.1.21-vfde-57,mobile,-89,43,YES,3,YES,YES,95,NO,NO,NO,
00176274,2843061,Friedrichstraße 172,02000001400070D0,YES,ok,2025-10-14 06:51,3.1.21-tarent-55,mobile,-85,0,YES,20,YES,YES,88,NO,NO,NO,
00042337,2773986,Auguststraße 29a,02000001400074BF,YES,ok,2025-10-14 06:53,3.1.21-vfde-59,mobile,-89,14,YES,17,YES,NO
00176361,2930471,Luckauer Straße 17,020000014000731E,YES,ok,2025-10-14 06:53,3.1.21-vfde-59,mobile,-75,0,YES,134,YES,YES,96,NO,NO,NO,
00176094,11510630,Poststraße 11,02000001400070A1,YES,ok,2025-10-14 06:50,3.1.21-vfde-59,mobile,-81,117,YES,94,YES,YES,83,NO,NO,NO,
00176167,2984702,Richard-Sorge-Straße 76,02000001400068BA,YES,ok,2025-10-14 06:49,3.1.21-vfde-59,mobile,-91,32,YES,179,YES,YES,88,NO,NO,NO,
00176269,2819196,Dossestraße 11,0200000140006288,YES,ok,2025-10-14 06:51,3.1.21-vfde-57,mobile,-77,0,YES,13,YES,YES,84,NO,NO,NO,
00176249,3015020,Singerstraße 52,0200000140006986,YES,ok,2025-10-14 06:53,3.1.21-vfde-59,mobile,-77,0,YES,231,YES,YES,90,NO,NO,NO,
00187608,2768351,Andreasstraße 35,0200000140006341,YES,ok,2025-10-14 06:49,3.1.21-vfde-59,mobile,-83,2,YES,174,YES,YES,95,NO,NO,NO,
00176052,3017629,Spandauer Straße 2,0200000140007695,YES,ok,2025-10-14 06:49,3.1.21-vfde-57,mobile,-81,11,YES,7,YES,YES,86,NO,NO,NO,
00187676,2865115,Höchste Straße 23,0200000140006A4E,YES,ok,2025-10-14 06:51,3.1.21-vfde-59,mobile,-69,0,YES,4,YES,YES,95,NO,NO,NO,
00176097,2807966,Cauerstraße 2,02000001400062B7,YES,ok,2025-10-14 06:51,3.1.21-vfde-59,mobile,-61,0,YES,290,YES,YES,96,NO,NO,NO,
00175927,2984711,Richard-Sorge-Straße 84,0200000140007527,YES,ok,2025-10-14 06:52,3.1.21-vfde-59,mobile,-75,0,YES,3,YES,YES,95,NO,NO,NO,
00176192,2809319,Chausseestraße 52,0200000140006EE5,YES,ok,2025-10-14 06:50,3.1.21-vfde-59,mobile,-79,0,YES,71,YES,YES,78,NO,NO,NO,
00176382,2960539,Oranienstraße 70,020000014000634D,YES,ok,2025-10-14 06:49,3.1.21-vfde-59,mobile,-75,0,YES,395,YES,YES,93,NO,NO,NO,
00176280,2995524,Samariterstraße 30,0200000140006FED,YES,ok,2025-10-14 06:50,3.1.21-vfde-59,mobile,-83,0,YES,85,YES,YES,73,NO,NO,NO,
00176177,2900127,Karl-Marx-Allee 102,0200000140007665,YES,ok,2025-10-14 06:52,3.1.21-vfde-59,mobile,-83,4,YES,29,YES,YES,95,NO,NO,NO,
00187662,2892061,Jessnerstraße 29,0200000140006A69,YES,ok,2025-10-14 06:50,3.1.21-vfde-57,mobile,-87,1,YES,78,YES,YES,92,NO,NO,NO,
00176013,2909030,Kochhannstraße 11,02000001400068B0,YES,ok,2025-10-14 06:50,3.1.21-vfde-59,mobile,-69,0,YES,128,YES,YES,96,NO,NO,NO,
00176340,3012568,Seydelstraße 33,0200000140007231,YES,ok,2025-10-14 06:53,3.1.21-vfde-59,mobile,-69,0,YES,81,YES,YES,88,NO,NO,NO,
00175914,3015003,Singerstraße 19,0200000140007076,YES,ok,2025-10-14 06:51,3.1.21-vfde-59,mobile,-59,0,YES,102,YES,YES,95,NO,NO,NO,
00175831,2919791,Landsberger Allee 68a,02000001400074F7,YES,ok,2025-10-14 06:51,3.1.21-vfde-59,mobile,-81,0,YES,16,YES,YES,79,NO,NO,NO,
00176012,2865865,Haberlandweg 4,02000001400070AD,YES,ok,2025-10-14 06:53,3.1.21-vfde-57,mobile,-69,0,YES,4,YES,YES,86,NO,NO,NO,
00175844,24799926,Brunsbütteler Damm 299,020000014000695D,YES,ok,2025-10-14 06:51,3.1.21-vfde-59,mobile,-73,0,YES,11,YES,YES,96,NO,NO,NO,
00176141,2952708,Neue Blumenstraße 16,02000001400071D9,YES,ok,2025-10-14 06:51,3.1.21-vfde-57,mobile,-71,0,YES,4,YES,YES,91,NO,NO,NO,
00176086,2852002,Ghanastraße 28,0200000140006A48,YES,ok,2025-10-14 06:51,3.1.21-vfde-59,mobile,-85,1,YES,15,YES,YES,82,NO,NO,NO,
00176204,6277802,Neue Schönhauser Straße 1b,0200000140007864,YES,ok,2025-10-14 06:49,3.1.21-vfde-59,mobile,-91,1,YES,4,YES,YES,45,NO,NO,NO,
00175921,2972084,Platz der Vereinten Nationen 1,0200000140007521,YES,ok,2025-10-14 06:50,3.1.21-vfde-59,mobile,-69,0,YES,48,YES,YES,89,NO,NO,NO,
00175964,2923353,Leipziger Straße 41,020000014000710F,YES,ok,2025-10-14 06:53,3.1.21-vfde-59,mobile,-79,0,YES,4,YES,YES,86,NO,NO,NO,
00176287,3048048,Wallstraße 1,020000014000772A,YES,ok,2025-10-14 06:51,3.1.21-vfde-59,mobile,-81,0,YES,54,YES,YES,88,NO,NO,NO,
00175888,24799901,Brunsbütteler Damm 269c,020000014000635F,YES,ok,2025-10-14 06:49,3.1.21-vfde-59,mobile,-85,0,YES,1,YES,YES,94,NO,NO,NO,
00176246,2900140,Karl-Marx-Allee 128,0200000140006E9F,YES,ok,2025-10-14 06:49,3.1.21-vfde-59,mobile,-81,0,YES,42,YES,YES,97,NO,NO,NO,
00175952,2936553,Marchlewskistraße 20,02000001400068D3,YES,ok,2025-10-14 06:51,3.1.21-tarent-52,mobile,-81,504,YES,165,YES,YES,84,NO,NO,NO,
00187675,2892078,Jessnerstraße 56,0200000140006A5D,YES,ok,2025-10-14 06:50,3.1.21-vfde-59,mobile,-65,0,YES,140,YES,YES,96,NO,NO,NO,
00176096,2863367,Guerickestraße 10,0200000140006284,YES,ok,2025-10-14 06:49,3.1.21-vfde-59,mobile,-75,0,YES,99,YES,YES,95,NO,NO,NO,
00176065,3046063,Waldemarstraße 110,02000001400069DC,YES,ok,2025-10-14 06:52,3.1.21-vfde-57,mobile,-77,0,YES,117,YES,YES,94,NO,NO,NO,
00176179,2946561,Mollstraße 21,0200000140006910,YES,ok,2025-10-14 06:50,3.1.21-vfde-59,mobile,-71,0,YES,78,YES,YES,92,NO,NO,NO,
00176251,2979864,Rathausstraße 11,0200000140007607,YES,ok,2025-10-14 06:51,3.1.21-vfde-59,mobile,-83,3,YES,24,YES,YES,80,NO,NO,NO,
00176346,2778857,Bauhofstraße 5,020000014000727C,YES,ok,2025-10-14 06:49,3.1.21-vfde-59,mobile,-81,0,YES,20,YES,YES,96,NO,NO,NO,
00175879,2839734,Frankfurter Allee 86a,020000014000723E,YES,ok,2025-10-14 06:51,3.1.21-vfde-59,mobile,-69,1,YES,92,YES,YES,79,NO,NO,NO,
00176276,2964215,Palisadenstraße 84,07000001700200DF,YES,ok,2025-10-14 06:52,vfde-59,mobile,,0,YES,116,YES,YES,94,NO,NO,NO,
00176258,2979862,Rathausstraße 7,0200000140007603,NO,ok,2025-10-14 05:48,3.1.21-vfde-57,mobile,-100,198,NO
00176257,2979862,Rathausstraße 7,0200000140007603,NO,ok,2025-10-14 05:48,3.1.21-vfde-57,mobile,-100,198,NO
00176333,2732299,Singerstraße 83,0200000140007860,YES,ok,2025-10-14 06:53,3.1.21-vfde-57,mobile,-85,92,YES,4,YES,YES,57,NO,NO,NO,
00176188,2972098,Platz der Vereinten Nationen 17,0200000140007722,YES,ok,2025-10-14 06:50,3.1.21-vfde-59,mobile,-85,0,YES,3,YES,YES,92,NO,NO,NO,
00176123,2973105,Poststraße 2,02000001400071DD,YES,ok,2025-10-14 06:51,3.1.21-vfde-57,mobile,-79,1,YES,54,YES,YES,79,NO,NO,NO,
00175943,2925700,Lichtenberger Straße 17,0200000140007245,YES,ok,2025-10-14 06:51,3.1.21-vfde-59,mobile,-75,0,YES,10,YES,YES,95,NO,NO,NO,
00175984,3048085,Wallstraße 90,0200000140007617,YES,ok,2025-10-14 06:50,3.1.21-vfde-59,mobile,-71,0,YES,92,YES,YES,89,NO,NO,NO,
00175870,2918918,Löwestraße 6,0200000140007523,YES,ok,2025-10-14 06:53,3.1.21-vfde-59,mobile,-75,0,YES,187,YES,YES,89,NO,NO,NO,
00175849,2906864,Kleine Markusstraße 6,0200000140006A5F,YES,ok,2025-10-14 06:50,3.1.21-vfde-57,mobile,-79,0,YES,207,YES,YES,92,NO,NO,NO,
00175945,3014782,Simplonstraße 61,0200000140006966,NO,ok,2025-10-14 00:06,3.1.21-tarent-52,mobile,-85,469,SKIP
00175905,2892073,Jessnerstraße 50,0200000140007631,YES,ok,2025-10-14 06:53,3.1.21-vfde-59,mobile,-65,0,YES,171,YES,YES,92,NO,NO,NO,
00175829,2919793,Landsberger Allee 68c,02000001400070E4,YES,ok,2025-10-14 06:53,3.1.21-vfde-57,mobile,-83,0,YES,10,YES,YES,84,NO,NO,NO,
00176383,2892279,Joachimstraße 13a,02000001400062B5,YES,ok,2025-10-14 06:49,3.1.21-vfde-59,mobile,-83,1,YES,85,YES,YES,74,NO,NO,NO,
00175895,2925717,Lichtenberger Straße 31,0200000140007839,YES,ok,2025-10-14 06:52,3.1.21-vfde-57,mobile,-71,0,YES,1,YES,YES,97,NO,NO,NO,
00176295,2965699,Paretzer Straße 6,02000001400070EF,YES,ok,2025-10-14 06:49,3.1.21-tarent-55,mobile,-83,1,YES,150,YES,YES,96,NO,NO,NO,
00175836,24799911,Brunsbütteler Damm 281,0200000140006968,YES,ok,2025-10-14 06:50,3.1.21-vfde-59,mobile,-71,0,YES,21,YES,YES,95,NO,NO,NO,
00176321,2920433,Lange Straße 82,0200000140007538,YES,ok,2025-10-14 06:49,3.1.21-vfde-59,mobile,-79,22,YES,6,YES,YES,97,NO,NO,NO,
00176175,2900045,Karl-Marx-Allee 69a,0200000140006A4A,YES,ok,2025-10-14 06:49,3.1.21-vfde-59,mobile,-63,0,YES,287,YES,YES,93,NO,NO,NO,
00176264,2900012,Karl-Marx-Allee 41,020000014000688D,YES,ok,2025-10-14 06:50,3.1.21-vfde-59,mobile,-83,0,YES,41,YES,YES,82,NO,NO,NO,
00176387,2952874,Neue Jakobstraße 42,020000014000731C,YES,ok,2025-10-14 06:49,3.1.21-vfde-59,mobile,-77,1,YES,68,YES,YES,97,NO,NO,NO,
00176270,2785821,Berolinastraße 20,02000001400073FA,YES,ok,2025-10-14 06:53,3.1.21-vfde-59,mobile,-67,0,YES,29,YES,YES,89,NO,NO,NO,
00176345,2973115,Poststraße 28,0200000140007031,YES,ok,2025-10-14 06:53,3.1.21-vfde-59,mobile,-77,14,YES,15,YES,YES,30,NO,NO,NO,
00176131,2900019,Karl-Marx-Allee 8,0200000140007693,YES,ok,2025-10-14 06:49,3.1.21-vfde-59,mobile,-63,0,YES,4,YES,YES,90,NO,NO,NO,
00176120,2891317,Jacobystraße 6,0200000140007215,YES,ok,2025-10-14 06:52,3.1.21-vfde-59,mobile,-75,0,YES,3,YES,YES,85,NO,NO,NO,
00176025,2987422,Rochowstraße 19,0200000140006990,YES,ok,2025-10-14 06:49,3.1.21-vfde-57,mobile,-73,98,YES,71,YES,YES,95,NO,NO,NO,
00176377,2975890,Propststraße 9,0200000140007063,YES,ok,2025-10-14 06:53,3.1.21-vfde-59,mobile,-79,0,YES,31,YES,YES,83,NO,NO,NO,
00187674,2893905,Jungstraße 11,0700000170020529,YES,ok,2025-10-14 06:53,vfde-59,mobile,,43,YES,13,YES,YES,47,NO,NO,NO,
00175938,3050564,Wedekindstraße 7,02000001400072E2,YES,ok,2025-10-14 06:53,3.1.21-vfde-59,mobile,-67,0,YES,98,YES,YES,93,NO,NO,NO,
00176396,3037917,Torstraße 203,0200000140006E8B,YES,ok,2025-10-14 06:52,3.1.21-vfde-57,mobile,-103,122,NO
00176308,3037917,Torstraße 203,0200000140006E8B,YES,ok,2025-10-14 06:52,3.1.21-vfde-57,mobile,-103,122,NO
00187666,2926598,Liebigstraße 4a,02000001400068D6,YES,ok,2025-10-14 06:52,3.1.21-vfde-57,mobile,-83,0,YES,107,YES,YES,87,NO,NO,NO,
00176098,2807970,Cauerstraße 5,0200000140006276,YES,ok,2025-10-14 06:52,3.1.21-vfde-59,mobile,-71,0,YES,386,YES,YES,86,NO,NO,NO,
00175819,3014780,Simplonstraße 57,0200000140006959,YES,ok,2025-10-14 06:51,3.1.21-tarent-52,mobile,-77,429,YES,443,YES,YES,88,NO,NO,NO,
00176063,3046066,Waldemarstraße 116,020000014000709B,YES,ok,2025-10-14 06:49,3.1.21-tarent-55,mobile,-81,0,YES,0,YES,NO
00176350,2896347,Köpenicker Straße 108,02000001400071E0,YES,ok,2025-10-14 06:52,3.1.21-vfde-59,mobile,-79,0,YES,3,YES,YES,89,NO,NO,NO,
00176064,3046066,Waldemarstraße 116,020000014000709B,YES,ok,2025-10-14 06:49,3.1.21-tarent-55,mobile,-81,0,YES,0,YES,NO
00175875,2918936,Löwestraße 24,02000001400074F5,YES,ok,2025-10-14 06:52,3.1.21-vfde-59,mobile,-87,0,YES,259,YES,YES,92,NO,NO,NO,
00176110,2858103,Graudenzer Straße 5c,020000014000637A,YES,ok,2025-10-14 06:50,3.1.21-vfde-59,mobile,-77,1,YES,198,YES,YES,98,NO,NO,NO,
00176358,2896345,Köpenicker Straße 104,020000014000782B,YES,ok,2025-10-14 06:50,3.1.21-vfde-59,mobile,-65,0,YES,49,YES,YES,87,NO,NO,NO,
00176255,3018887,Spreeufer 2,0200000140007030,YES,ok,2025-10-14 06:50,3.1.21-vfde-59,mobile,-81,0,YES,69,YES,YES,87,NO,NO,NO,
00176135,2900035,Karl-Marx-Allee 50,02000001400076AD,YES,ok,2025-10-14 06:50,3.1.21-vfde-59,mobile,-71,0,YES,8,YES,YES,91,NO,NO,NO,
00175982,2899988,Karl-Liebknecht-Straße 9,02000001400071DB,YES,ok,2025-10-14 06:51,3.1.21-vfde-59,mobile,-81,0,YES,5,YES,YES,88,NO,NO,NO,
00176299,2777251,Bandelstraße 45,0200000140007255,YES,ok,2025-10-14 06:53,3.1.21-vfde-59,mobile,-63,0,YES,65,YES,YES,94,NO,NO,NO,
00175932,2913432,Krautstraße 3,02000001400062AB,YES,ok,2025-10-14 06:51,3.1.21-vfde-59,mobile,-85,0,YES,2,YES,YES,82,NO,NO,NO,
00176201,2753054,Almstadtstraße 55,02000001400074AC,YES,ok,2025-10-14 06:51,3.1.21-vfde-59,mobile,-67,0,YES,342,YES,YES,79,NO,NO,NO,
00176273,2753021,Almstadtstraße 2,02000001400070CF,YES,ok,2025-10-14 06:51,3.1.21-vfde-59,mobile,-69,0,YES,168,YES,YES,90,NO,NO,NO,
00176206,3037941,Torstraße 204,02000001400074C3,YES,ok,2025-10-14 06:49,3.1.21-vfde-57,mobile,-93,0,YES,50,YES,YES,86,NO,NO,NO,
00042325,3037941,Torstraße 204,02000001400074C3,YES,ok,2025-10-14 06:49,3.1.21-vfde-57,mobile,-93,0,YES,50,YES,NO
00176108,2900107,Karl-Marx-Allee 70e,02000001400072B1,YES,ok,2025-10-14 06:50,3.1.21-vfde-59,mobile,-63,0,YES,201,YES,YES,91,NO,NO,NO,
00187664,2932115,Lübbener Straße 27,07000001700204ED,YES,ok,2025-10-14 06:52,vfde-57-beta-4,unknown,,269,YES,20,YES,YES,50,NO,NO,NO,
00042326,2756554,Alte Schönhauser Straße 32a,0200000140007853,YES,ok,2025-10-14 06:52,3.1.21-vfde-59,mobile,-91,4,YES,7,YES,YES,0,NO,NO,NO,
00175978,2913440,Krautstraße 11,020000014000629A,YES,ok,2025-10-14 06:50,3.1.21-vfde-59,mobile,-67,0,YES,4,YES,YES,98,NO,NO,NO,
00170529,2925694,Lichtenberger Straße 6,020000014000769A,YES,ok,2025-10-14 06:49,3.1.21-vfde-59,mobile,-81,0,YES,4,YES,YES,96,NO,NO,NO,
00176191,22715390,Habersaathstraße 6,02000001400070DA,YES,ok,2025-10-14 06:50,3.1.21-vfde-59,mobile,-57,0,YES,3,YES,YES,95,NO,NO,NO,
00175903,2972086,Platz der Vereinten Nationen 3,02000001400076B7,YES,ok,2025-10-14 06:51,3.1.21-vfde-59,mobile,-81,0,YES,1,YES,YES,95,NO,NO,NO,
00176284,2863252,Gubener Straße 58,020000014000698E,YES,ok,2025-10-14 06:50,3.1.21-vfde-59,mobile,-93,199,YES,108,YES,YES,89,NO,NO,NO,
00042323,376008,Albrechtstraße 21,0200000140003FE3,YES,ok,2025-10-14 06:50,3.1.21-vfde-59,ethernet,,2,YES,29,YES,NO
00176059,2899987,Karl-Liebknecht-Straße 7,02000001400070CD,YES,ok,2025-10-14 06:50,3.1.21-vfde-59,mobile,-81,2,YES,6,YES,YES,85,NO,NO,NO,
00176310,2809320,Chausseestraße 52a,02000001400077A7,YES,ok,2025-10-14 06:52,3.1.21-vfde-59,mobile,-71,0,YES,1,YES,YES,83,NO,NO,NO,
00176014,2906791,Kleine Andreasstraße 8,02000001400069E0,YES,ok,2025-10-14 06:49,3.1.21-vfde-59,mobile,-69,0,YES,36,YES,YES,93,NO,NO,NO,
00176336,2954837,Niederwallstraße 11,0200000140006F57,YES,ok,2025-10-14 06:52,3.1.21-vfde-57,mobile,-75,0,YES,13,YES,YES,87,NO,NO,NO,
00176104,2900048,Karl-Marx-Allee 69d,0200000140006A14,YES,ok,2025-10-14 06:49,3.1.21-vfde-59,mobile,-69,1,YES,162,YES,YES,96,NO,NO,NO,
00176073,2948172,Muskauer Straße 21,02000001400069A6,YES,ok,2025-10-14 06:53,3.1.21-vfde-59,mobile,-79,1,YES,191,YES,YES,77,NO,NO,NO,
00175823,3055082,Weserstraße 9,020000014000704F,YES,ok,2025-10-14 06:51,3.1.21-tarent-55,mobile,-75,420,YES,115,YES,YES,84,NO,NO,NO,
00176242,3004906,Schreinerstraße 60,0200000140006964,YES,ok,2025-10-14 06:51,3.1.21-vfde-59,mobile,-77,14,YES,252,YES,YES,89,NO,NO,NO,
00175940,3030814,Südekumzeile 9c,0200000140006883,YES,ok,2025-10-14 06:51,3.1.21-vfde-59,mobile,-81,1,YES,3,YES,YES,94,NO,NO,NO,
00176183,32334841,Lichtenberger Straße 26,0200000140006FD3,YES,ok,2025-10-14 06:52,3.1.21-vfde-59,mobile,-77,0,YES,143,YES,YES,89,NO,NO,NO,
00176113,2811055,Corinthstraße 4a,0200000140006339,YES,ok,2025-10-14 06:51,3.1.21-vfde-59,mobile,-83,0,YES,48,YES,YES,97,NO,NO,NO,
00176290,2987039,Ritterstraße 44b,02000001400069DA,YES,ok,2025-10-14 06:51,3.1.21-vfde-57,mobile,-71,0,YES,6,YES,YES,90,NO,NO,NO,
00170510,3037926,Torstraße 160,02000001400070A5,YES,ok,2025-10-14 06:53,3.1.21-vfde-59,mobile,-81,0,YES,65,YES,YES,84,NO,NO,NO,
00176089,3012592,Seydlitzstraße 18a,020000014000722F,YES,ok,2025-10-14 06:50,3.1.21-vfde-59,mobile,-79,0,YES,3,YES,YES,85,NO,NO,NO,
00187663,2737529,Georgenkirchstraße 13,0200000140006FDA,YES,ok,2025-10-14 06:52,3.1.21-vfde-59,mobile,-91,0,YES,1,YES,YES,96,NO,NO,NO,
00176330,2972085,Platz der Vereinten Nationen 2,0200000140007298,YES,ok,2025-10-14 06:52,3.1.21-vfde-59,mobile,-71,0,YES,54,YES,YES,88,NO,NO,NO,
00176009,2949626,Mühsamstraße 30,0200000140006A4F,YES,ok,2025-10-14 06:53,3.1.21-vfde-59,mobile,-77,3,YES,86,YES,YES,7,NO,NO,NO,
00175934,3051638,Weidenweg 64,0200000140006FAE,YES,ok,2025-10-14 06:49,3.1.21-vfde-59,mobile,-85,0,YES,102,YES,YES,87,NO,NO,NO,
00176266,2843044,Friedrichstraße 106b,02000001400070CC,YES,ok,2025-10-14 06:50,3.1.21-vfde-59,mobile,-81,0,YES,6,YES,YES,83,NO,NO,NO,
00187668,3224116,Kopernikusstraße 29,020000014000698B,YES,ok,2025-10-14 06:50,3.1.21-vfde-59,mobile,-73,0,YES,649,YES,YES,94,NO,NO,NO,
00175871,2942674,Melchiorstraße 40,0200000140007468,YES,ok,2025-10-14 06:53,3.1.21-vfde-59,mobile,-67,0,YES,39,YES,YES,90,NO,NO,NO,
00187677,2919796,Landsberger Allee 72,0200000140007259,YES,ok,2025-10-14 06:52,3.1.21-vfde-57,mobile,-75,0,YES,50,YES,YES,86,NO,NO,NO,
00176380,2960598,Oranienstraße 131,02000001400063F0,NO,degraded,2025-10-12 09:40,3.1.21-vfde-59,mobile,-75,0,SKIP
00187607,2864819,Gürtelstraße 10a,0200000140006FB6,YES,ok,2025-10-14 06:53,3.1.21-vfde-59,mobile,-77,0,YES,156,YES,YES,77,NO,NO,NO,
00176074,2921895,Lausitzer Platz 2,0200000140006A5A,YES,ok,2025-10-14 06:52,3.1.21-vfde-59,mobile,-85,1,YES,105,YES,YES,83,NO,NO,NO,
00176351,6352452,Almstadtstraße 28,02000001400077B0,YES,ok,2025-10-14 06:50,3.1.21-vfde-59,mobile,-63,0,YES,334,YES,YES,77,NO,NO,NO,
00187586,2773179,Auerstraße 36,020000014000693D,YES,ok,2025-10-14 06:50,3.1.21-vfde-59,mobile,-83,83,YES,250,YES,YES,79,NO,NO,NO,
00176186,2946063,Modersohnstraße 71,0200000140007161,YES,ok,2025-10-14 06:52,3.1.21-vfde-57,mobile,-87,0,YES,17,YES,YES,95,NO,NO,NO,
00176115,2819194,Dossestraße 9,0200000140006277,YES,ok,2025-10-14 06:53,3.1.21-vfde-59,mobile,-87,0,YES,17,YES,YES,82,NO,NO,NO,
00176208,3037919,Torstraße 207,02000001400074C0,YES,ok,2025-10-14 06:51,3.1.21-vfde-59,mobile,-91,2,YES,43,YES,YES,88,NO,NO,NO,
00176349,2896357,Köpenicker Straße 99,020000014000747A,YES,ok,2025-10-14 06:52,3.1.21-vfde-57,mobile,-75,0,YES,84,YES,YES,84,NO,NO,NO,
00176111,2858113,Graudenzer Straße 14,0200000140006262,YES,ok,2025-10-14 06:49,3.1.21-vfde-57,mobile,-79,2,YES,105,YES,YES,84,NO,NO,NO,
00176057,2938901,Markgrafenstraße 39,020000014000710D,YES,ok,2025-10-14 06:53,3.1.21-vfde-59,mobile,-73,0,YES,67,YES,YES,87,NO,NO,NO,
00175886,3030844,Südekumzeile 17c,02000001400068E3,YES,ok,2025-10-14 06:51,3.1.21-vfde-59,mobile,-89,0,YES,1,YES,YES,98,NO,NO,NO,
00176322,3015012,Singerstraße 79,02000001400069DB,YES,ok,2025-10-14 06:49,3.1.21-vfde-59,mobile,-73,0,YES,8,YES,YES,98,NO,NO,NO,
00176011,2909032,Kochhannstraße 13,02000001400069A2,YES,ok,2025-10-14 06:51,3.1.21-vfde-59,mobile,-69,0,YES,94,YES,YES,90,NO,NO,NO,
00176194,2942930,Memhardstraße 2,020000014000754F,YES,ok,2025-10-14 06:51,3.1.21-vfde-59,mobile,-77,0,YES,27,YES,YES,86,NO,NO,NO,
00176306,2900015,Karl-Marx-Allee 49,0200000140006945,YES,ok,2025-10-14 06:49,3.1.21-vfde-59,mobile,-59,1,YES,43,YES,YES,85,NO,NO,NO,
00187596,2964197,Palisadenstraße 53,07000001700201ED,YES,ok,2025-10-14 06:53,vfde-59,mobile,-87,73,YES,4,YES,YES,54,NO,NO,NO,
00175910,3015013,Singerstraße 20,0200000140006A29,YES,ok,2025-10-14 06:49,3.1.21-vfde-59,mobile,-71,0,YES,8,YES,YES,95,NO,NO,NO,
00176293,2860651,Große Hamburger Straße 41,0200000140007650,YES,ok,2025-10-14 06:52,3.1.21-vfde-57,mobile,-89,43,YES,3,YES,YES,73,NO,NO,NO,
00176302,3012595,Seydlitzstraße 19,02000001400073BA,YES,ok,2025-10-14 06:51,3.1.21-vfde-59,mobile,-79,0,YES,143,YES,YES,96,NO,NO,NO,
00176006,3058664,Wilhelm-Stolze-Straße 15,0200000140006902,YES,ok,2025-10-14 06:51,3.1.21-vfde-59,mobile,-73,0,YES,715,YES,YES,66,NO,NO,NO,
00176311,2920437,Lange Straße 86,0200000140006A2A,YES,ok,2025-10-14 06:49,3.1.21-vfde-59,mobile,-69,0,YES,8,YES,YES,96,NO,NO,NO,
00176132,2773986,Auguststraße 29a,02000001400074BF,YES,ok,2025-10-14 06:53,3.1.21-vfde-59,mobile,-89,14,YES,17,YES,YES,48,NO,NO,NO,
00175975,3051633,Weidenweg 47,0200000140006EBF,YES,ok,2025-10-14 06:53,3.1.21-vfde-59,mobile,-75,0,YES,88,YES,YES,97,NO,NO,NO,
00176390,2785817,Berolinastraße 14,02000001400069C2,YES,ok,2025-10-14 06:49,3.1.21-vfde-59,mobile,-77,0,YES,14,YES,YES,97,NO,NO,NO,
00176176,2900104,Karl-Marx-Allee 70b,020000014000723F,YES,ok,2025-10-14 06:51,3.1.21-vfde-59,mobile,-57,0,YES,173,YES,YES,78,NO,NO,NO,
00176386,2952700,Neue Blumenstraße 8,02000001400071D4,YES,ok,2025-10-14 06:50,3.1.21-vfde-59,mobile,-71,0,YES,19,YES,YES,87,NO,NO,NO,
00187673,2865113,Höchste Straße 19,0200000140006A27,YES,ok,2025-10-14 06:52,3.1.21-vfde-59,mobile,-81,0,YES,4,YES,YES,95,NO,NO,NO,
00175981,3017629,Spandauer Straße 2,0200000140007695,YES,ok,2025-10-14 06:49,3.1.21-vfde-57,mobile,-81,11,YES,7,YES,YES,85,NO,NO,NO,
00176388,8312327,Alexanderstraße 21,0200000140007685,YES,ok,2025-10-14 06:51,3.1.21-vfde-59,mobile,-77,0,YES,2,YES,YES,88,NO,NO,NO,
00175926,2984707,Richard-Sorge-Straße 80,0200000140007644,YES,ok,2025-10-14 06:52,3.1.21-vfde-59,mobile,-81,0,YES,101,YES,YES,98,NO,NO,NO,
00176187,2972102,Platz der Vereinten Nationen 21,020000014000733B,YES,ok,2025-10-14 06:52,3.1.21-vfde-59,mobile,-77,0,YES,2,YES,YES,95,NO,NO,NO,
00175877,2985841,Rigaer Straße 108,0200000140007646,YES,ok,2025-10-14 06:51,3.1.21-vfde-59,mobile,-75,0,YES,150,YES,YES,87,NO,NO,NO,
00175977,3030806,Südekumzeile 7d,02000001400068EE,YES,ok,2025-10-14 06:51,3.1.21-vfde-59,mobile,-77,0,YES,1,YES,YES,94,NO,NO,NO,
00175998,3012568,Seydelstraße 33,0200000140007231,YES,ok,2025-10-14 06:53,3.1.21-vfde-59,mobile,-69,0,YES,81,YES,YES,86,NO,NO,NO,
00176174,3051625,Weidenweg 31,02000001400074E1,YES,ok,2025-10-14 06:52,3.1.21-vfde-59,mobile,-85,0,YES,2,YES,YES,96,NO,NO,NO,
00170504,1291465,Lilienstraße 28,02000001400031ED,YES,ok,2025-10-14 06:51,3.1.21-vfde-59,ethernet,,1,YES,171,YES,YES,81,NO,NO,NO,
00176370,6277802,Neue Schönhauser Straße 1b,0200000140007864,YES,ok,2025-10-14 06:49,3.1.21-vfde-59,mobile,-91,1,YES,4,YES,YES,31,NO,NO,NO,
00170509,2952708,Neue Blumenstraße 16,02000001400071D9,YES,ok,2025-10-14 06:51,3.1.21-vfde-57,mobile,-71,0,YES,4,YES,YES,88,NO,NO,NO,
00176092,3030312,Swakopmunder Straße 21,02000001400071D5,YES,ok,2025-10-14 06:53,3.1.21-vfde-59,mobile,-79,0,YES,63,YES,YES,96,NO,NO,NO,
00176066,2923353,Leipziger Straße 41,020000014000710F,YES,ok,2025-10-14 06:53,3.1.21-vfde-59,mobile,-79,0,YES,4,YES,YES,87,NO,NO,NO,
00175835,2919791,Landsberger Allee 68a,02000001400074F7,YES,ok,2025-10-14 06:51,3.1.21-vfde-59,mobile,-81,0,YES,16,YES,YES,85,NO,NO,NO,
00176298,2879151,Hildegardstraße 5,020000014000785F,YES,ok,2025-10-14 06:52,3.1.21-vfde-59,mobile,-77,0,YES,11,YES,YES,94,NO,NO,NO,
00176130,2836630,Fischerinsel 2,02000001400071D2,YES,ok,2025-10-14 06:52,3.1.21-vfde-59,mobile,-77,0,YES,4,YES,YES,87,NO,NO,NO,
00176376,2960378,Oranienburger Straße 16,020000014000786C,YES,ok,2025-10-14 06:52,3.1.21-vfde-59,mobile,-53,0,YES,515,YES,YES,92,NO,NO,NO,
00175946,3051614,Weidenweg 9,02000001400068FF,YES,ok,2025-10-14 06:52,3.1.21-vfde-59,mobile,-79,2,YES,181,YES,YES,99,NO,NO,NO,
00176005,3023621,Stralauer Allee 25a,0200000140006EAD,YES,ok,2025-10-14 06:50,3.1.21-vfde-59,mobile,-79,2,YES,5,YES,YES,91,NO,NO,NO,
00176294,2865865,Haberlandweg 4,02000001400070AD,YES,ok,2025-10-14 06:53,3.1.21-vfde-57,mobile,-69,0,YES,4,YES,YES,87,NO,NO,NO,
00176077,2942676,Melchiorstraße 42,02000001400071DC,YES,ok,2025-10-14 06:50,3.1.21-vfde-59,mobile,-75,0,YES,27,YES,YES,90,NO,NO,NO,
00176253,2769852,Antonstraße 43b,02000001400068A1,YES,ok,2025-10-14 06:53,3.1.21-vfde-59,mobile,-81,0,YES,229,YES,YES,91,NO,NO,NO,
00175933,2913436,Krautstraße 7,02000001400063AB,YES,ok,2025-10-14 06:53,3.1.21-vfde-59,mobile,-85,0,YES,1,YES,YES,93,NO,NO,NO,
00187582,2826569,Eldenaer Straße 14,0200000140006A20,YES,ok,2025-10-14 06:53,3.1.21-vfde-59,mobile,-73,0,YES,150,YES,YES,94,NO,NO,NO,
00176332,2972085,Platz der Vereinten Nationen 2,02000001400074A6,YES,ok,2025-10-14 06:49,3.1.21-vfde-56,mobile,-63,0,YES,37,YES,YES,84,NO,NO,NO,
00175925,2839734,Frankfurter Allee 86a,020000014000723E,YES,ok,2025-10-14 06:51,3.1.21-vfde-59,mobile,-69,1,YES,92,YES,YES,74,NO,NO,NO,
00175990,2918915,Löwestraße 5,0200000140007624,YES,ok,2025-10-14 06:49,3.1.21-vfde-59,mobile,-75,0,YES,186,YES,YES,90,NO,NO,NO,
00170505,8312298,Alexanderstraße 33,0200000140007606,YES,ok,2025-10-14 06:51,3.1.21-vfde-59,mobile,-71,0,YES,2,YES,YES,97,NO,NO,NO,
00176126,2973105,Poststraße 2,02000001400071DD,YES,ok,2025-10-14 06:51,3.1.21-vfde-57,mobile,-79,1,YES,54,YES,YES,80,NO,NO,NO,
00176378,2975889,Propststraße 8,0200000140007321,YES,ok,2025-10-14 06:53,3.1.21-vfde-59,mobile,-81,0,YES,9,YES,YES,86,NO,NO,NO,
00176196,2865906,Habersaathstraße 1,0200000140007217,YES,ok,2025-10-14 06:50,3.1.21-vfde-59,mobile,-67,0,YES,5,YES,YES,90,NO,NO,NO,
00187612,24799921,Brunsbütteler Damm 293,07000001700204F7,YES,ok,2025-10-14 06:53,vfde-59,mobile,-84,5,YES,3,YES,YES,98,NO,NO,NO,
00176374,2899991,Karl-Liebknecht-Straße 15,020000014000755C,YES,ok,2025-10-14 06:53,3.1.21-vfde-59,mobile,-77,0,YES,47,YES,YES,70,NO,NO,NO,
00176244,2818086,Dolziger Straße 38,0200000140006267,YES,ok,2025-10-14 06:53,3.1.21-vfde-59,mobile,-65,0,YES,289,YES,YES,90,NO,NO,NO,
00176031,3224124,Weidenweg 53,0200000140006A49,YES,ok,2025-10-14 06:50,3.1.21-vfde-59,mobile,-71,0,YES,140,YES,YES,89,NO,NO,NO,
00176323,2732299,Singerstraße 83,0200000140007860,YES,ok,2025-10-14 06:53,3.1.21-vfde-57,mobile,-85,92,YES,4,YES,YES,59,NO,NO,NO,
00187593,2785832,Bersarinplatz 1,02000001400069D9,YES,ok,2025-10-14 06:52,3.1.21-vfde-59,mobile,-77,0,YES,208,YES,YES,87,NO,NO,NO,
00176021,2909029,Kochhannstraße 9a,020000014000698D,YES,ok,2025-10-14 06:51,3.1.21-vfde-59,mobile,-75,0,YES,101,YES,YES,96,NO,NO,NO,
00176252,2979864,Rathausstraße 11,0200000140007607,YES,ok,2025-10-14 06:51,3.1.21-vfde-59,mobile,-83,3,YES,24,YES,YES,78,NO,NO,NO,
00175929,2964199,Palisadenstraße 55,02000001400074E6,YES,ok,2025-10-14 06:53,3.1.21-vfde-59,mobile,-79,0,YES,67,YES,YES,89,NO,NO,NO,
00176324,2972084,Platz der Vereinten Nationen 1,020000014000752C,YES,ok,2025-10-14 06:52,3.1.21-vfde-59,mobile,-71,0,YES,42,YES,YES,90,NO,NO,NO,
00176278,2987427,Rochowstraße 24,0200000140006916,YES,ok,2025-10-14 06:49,3.1.21-vfde-59,mobile,-79,0,YES,32,YES,YES,97,NO,NO,NO,
00042340,2892277,Joachimstraße 12c,0200000140006401,YES,ok,2025-10-14 06:49,3.1.21-vfde-59,mobile,-75,1,YES,219,YES,YES,97,NO,NO,NO,
00175987,2918926,Löwestraße 14,0200000140007770,YES,ok,2025-10-14 06:49,3.1.21-vfde-59,mobile,-81,0,YES,206,YES,YES,12,NO,NO,NO,
00175864,2973115,Poststraße 28,0200000140007031,YES,ok,2025-10-14 06:53,3.1.21-vfde-59,mobile,-77,14,YES,15,YES,YES,22,NO,NO,NO,
00176051,2923383,Leipziger Straße 119,02000001400075A4,YES,ok,2025-10-14 06:52,3.1.21-vfde-59,mobile,-75,0,YES,120,YES,YES,88,NO,NO,NO,
00176137,2900023,Karl-Marx-Allee 18,0200000140007682,YES,ok,2025-10-14 06:51,3.1.21-vfde-57,mobile,-79,0,YES,4,YES,YES,88,NO,NO,NO,
00175843,2865866,Haberlandweg 5,020000014000689D,YES,ok,2025-10-14 06:51,3.1.21-vfde-59,mobile,-81,0,YES,2,YES,YES,97,NO,NO,NO,
00175885,3030829,Südekumzeile 13c,0200000140007302,YES,ok,2025-10-14 06:49,3.1.21-vfde-59,mobile,-83,0,YES,1,YES,YES,93,NO,NO,NO,
00176320,2968943,Petersburger Straße 81,02000001400075C7,YES,ok,2025-10-14 06:53,3.1.21-vfde-59,mobile,-55,0,YES,112,YES,YES,83,NO,NO,NO,
00176087,22715388,Habersaathstraße 2,0200000140007212,YES,ok,2025-10-14 06:50,3.1.21-vfde-59,mobile,-67,0,YES,3,YES,YES,88,NO,NO,NO,
00176212,3037939,Torstraße 188,02000001400072D6,YES,ok,2025-10-14 06:50,3.1.21-vfde-59,mobile,-85,16,YES,33,YES,YES,80,NO,NO,NO,
00176129,2975890,Propststraße 9,0200000140007063,YES,ok,2025-10-14 06:53,3.1.21-vfde-59,mobile,-79,0,YES,31,YES,YES,88,NO,NO,NO,
00176022,3023622,Stralauer Allee 26,0200000140006FC5,YES,ok,2025-10-14 06:50,3.1.21-vfde-59,mobile,-77,0,YES,2,YES,YES,89,NO,NO,NO,
00170516,2785813,Berolinastraße 10,0200000140006899,YES,ok,2025-10-14 06:48,3.1.21-vfde-59,mobile,-69,0,YES,268,YES,YES,81,NO,NO,NO,
00176292,2752348,Alexandrinenstraße 101,0200000140007269,YES,ok,2025-10-14 06:49,3.1.21-vfde-59,mobile,-67,0,YES,6,YES,YES,90,NO,NO,NO,
00170525,2900032,Karl-Marx-Allee 42,02000001400071E1,YES,ok,2025-10-14 06:49,3.1.21-vfde-59,mobile,-65,0,YES,4,YES,YES,98,NO,NO,NO,
00176207,3037941,Torstraße 204,02000001400074C3,YES,ok,2025-10-14 06:49,3.1.21-vfde-57,mobile,-93,0,YES,50,YES,YES,88,NO,NO,NO,
00176173,2968942,Petersburger Straße 78,02000001400075B6,YES,ok,2025-10-14 06:49,3.1.21-vfde-59,mobile,-75,0,YES,107,YES,YES,83,NO,NO,NO,
00176105,3000672,Schillerstraße 60,02000001400073E6,YES,ok,2025-10-14 06:52,3.1.21-vfde-59,mobile,-81,0,YES,21,YES,YES,94,NO,NO,NO,
00175995,2899988,Karl-Liebknecht-Straße 9,02000001400071DB,YES,ok,2025-10-14 06:51,3.1.21-vfde-59,mobile,-81,0,YES,5,YES,YES,71,NO,NO,NO,
00176100,2863203,Gubener Straße 7,0200000140007122,YES,ok,2025-10-14 06:52,3.1.21-vfde-59,mobile,-77,0,YES,66,YES,YES,82,NO,NO,NO,
00176001,2954837,Niederwallstraße 11,0200000140006F57,YES,ok,2025-10-14 06:52,3.1.21-vfde-57,mobile,-75,0,YES,13,YES,YES,84,NO,NO,NO,
00176210,2896345,Köpenicker Straße 104,020000014000782B,YES,ok,2025-10-14 06:50,3.1.21-vfde-59,mobile,-65,0,YES,49,YES,YES,84,NO,NO,NO,
00176379,2987032,Ritterstraße 41b,0200000140007692,YES,ok,2025-10-14 06:50,3.1.21-vfde-59,mobile,-73,1,YES,3,YES,YES,89,NO,NO,NO,
00176061,2896347,Köpenicker Straße 108,02000001400071E0,YES,ok,2025-10-14 06:52,3.1.21-vfde-59,mobile,-79,0,YES,3,YES,YES,87,NO,NO,NO,
00175841,24799923,Brunsbütteler Damm 297,02000001400069A8,YES,ok,2025-10-14 06:50,3.1.21-vfde-59,mobile,-83,0,YES,2,YES,YES,94,NO,NO,NO,
00176275,3027846,Strausberger Straße 44,0200000140007507,YES,ok,2025-10-14 06:51,3.1.21-vfde-59,mobile,-71,0,YES,139,YES,YES,84,NO,NO,NO,
00176060,2899987,Karl-Liebknecht-Straße 7,02000001400070CD,YES,ok,2025-10-14 06:50,3.1.21-vfde-59,mobile,-81,2,YES,6,YES,YES,86,NO,NO,NO,
00176112,2858109,Graudenzer Straße 9c,02000001400062D6,YES,ok,2025-10-14 06:49,3.1.21-vfde-59,mobile,-79,0,YES,175,YES,YES,97,NO,NO,NO,
00187597,2858097,Graudenzer Straße 1c,02000001400070A0,YES,ok,2025-10-14 06:50,3.1.21-tarent-55,mobile,-79,0,YES,130,YES,YES,96,NO,NO,NO,
00176335,2999544,Scharrenstraße 10,020000014000718C,YES,ok,2025-10-14 06:52,3.1.21-vfde-59,mobile,-75,0,YES,161,YES,YES,94,NO,NO,NO,
00175892,2900035,Karl-Marx-Allee 50,02000001400076AD,YES,ok,2025-10-14 06:50,3.1.21-vfde-59,mobile,-71,0,YES,8,YES,YES,88,NO,NO,NO,
00176083,2949993,Müllerstraße 89b,0200000140006F5D,YES,ok,2025-10-14 06:53,3.1.21-vfde-59,mobile,-87,0,YES,63,YES,YES,98,NO,NO,NO,
00175976,2842708,Friedrichsgracht 58,0200000140007721,YES,ok,2025-10-14 06:51,3.1.21-vfde-59,mobile,-81,0,YES,255,YES,YES,85,NO,NO,NO,
00175887,2934232,Magistratsweg 107c,0200000140006987,YES,ok,2025-10-14 06:51,3.1.21-vfde-59,mobile,-83,0,YES,1,YES,YES,94,NO,NO,NO,
00176170,2911845,Koppenstraße 18,0200000140006A60,YES,ok,2025-10-14 06:50,3.1.21-vfde-59,mobile,-69,0,YES,201,YES,YES,93,NO,NO,NO,
00187585,2805891,Bänschstraße 92,02000001400068F3,YES,ok,2025-10-14 06:49,3.1.21-vfde-57,mobile,-87,6,YES,30,YES,YES,93,NO,NO,NO,
00176106,2863370,Guerickestraße 13,020000014000625D,YES,ok,2025-10-14 06:51,3.1.21-vfde-59,mobile,-85,0,YES,35,YES,YES,95,NO,NO,NO,
00176381,2960550,Oranienstraße 110,0200000140006299,YES,ok,2025-10-14 06:49,3.1.21-vfde-59,mobile,-83,0,YES,61,YES,YES,95,NO,NO,NO,
00176017,2906786,Kleine Andreasstraße 3,02000001400069AE,YES,ok,2025-10-14 06:49,3.1.21-vfde-59,mobile,-69,0,YES,88,YES,YES,93,NO,NO,NO,
00176075,2948180,Muskauer Straße 26,020000014000763F,YES,ok,2025-10-14 06:52,3.1.21-vfde-59,mobile,-87,0,YES,31,YES,YES,62,NO,NO,NO,
00176339,2975089,Prinzenstraße 80,02000001400073F7,YES,ok,2025-10-14 06:51,3.1.21-vfde-59,mobile,-85,0,YES,134,YES,YES,75,NO,NO,NO,
00176018,2906796,Kleine Andreasstraße 13,0200000140006993,YES,ok,2025-10-14 06:49,3.1.21-vfde-59,mobile,-69,0,YES,56,YES,YES,93,NO,NO,NO,
00176272,2753021,Almstadtstraße 2,02000001400070CF,YES,ok,2025-10-14 06:51,3.1.21-vfde-59,mobile,-69,0,YES,168,YES,YES,81,NO,NO,NO,
00176313,2913444,Krautstraße 27,020000014000633E,YES,ok,2025-10-14 06:50,3.1.21-vfde-59,mobile,-71,1,YES,109,YES,YES,95,NO,NO,NO,
00176088,2922560,Legiendamm 4,0200000140006285,YES,ok,2025-10-14 06:52,3.1.21-vfde-59,mobile,-81,0,YES,3,YES,YES,29,NO,NO,NO,
00175863,2839737,Frankfurter Allee 90,02000001400074E4,YES,ok,2025-10-14 06:48,3.1.21-vfde-59,mobile,-79,0,YES,66,YES,YES,88,NO,NO,NO,
00176101,2911843,Koppenstraße 16,0200000140007683,YES,ok,2025-10-14 06:51,3.1.21-vfde-59,mobile,-71,0,YES,124,YES,YES,97,NO,NO,NO,
00176305,2940672,Mauerstraße 68,020000014000730F,YES,ok,2025-10-14 06:52,3.1.21-vfde-59,mobile,-81,0,YES,87,YES,YES,87,NO,NO,NO,
00176091,2963180,Otto-Dix-Straße 6,02000001400076A3,YES,ok,2025-10-14 06:51,3.1.21-vfde-59,mobile,-79,0,YES,5,YES,YES,95,NO,NO,NO,
00175967,3037884,Torstraße 112,0200000140006EFC,YES,ok,2025-10-14 06:49,3.1.21-vfde-59,mobile,-83,0,YES,49,YES,YES,86,NO,NO,NO,
00175922,2913445,Krautstraße 28,0200000140006FAD,YES,ok,2025-10-14 06:50,3.1.21-vfde-59,mobile,-75,0,YES,124,YES,YES,84,NO,NO,NO,
00176267,2843044,Friedrichstraße 106b,02000001400070CC,YES,ok,2025-10-14 06:50,3.1.21-vfde-59,mobile,-81,0,YES,6,YES,YES,76,NO,NO,NO,
00176008,3016838,Sonntagstraße 10,02000001400071E6,YES,ok,2025-10-14 06:51,3.1.21-vfde-59,mobile,-87,1,YES,2,YES,YES,86,NO,NO,NO,
00176024,3058674,Wilhelm-Stolze-Straße 26,02000001400069D2,YES,ok,2025-10-14 06:48,3.1.21-vfde-59,mobile,-81,0,YES,475,YES,YES,85,NO,NO,NO,
00176360,3008697,Sebastianstraße 79,0200000140007782,YES,ok,2025-10-14 06:51,3.1.21-vfde-59,mobile,-81,0,YES,170,YES,YES,98,NO,NO,NO,
00176241,3052403,Weinstraße 11,020000014000765F,YES,ok,2025-10-14 06:52,3.1.21-vfde-59,mobile,-67,0,YES,225,YES,YES,90,NO,NO,NO,
00175942,2936560,Marchlewskistraße 26,0200000140006A16,YES,ok,2025-10-14 06:51,3.1.21-vfde-59,mobile,-71,0,YES,175,YES,YES,91,NO,NO,NO,
00176300,3040541,Turmstraße 20,0200000140007214,YES,ok,2025-10-14 06:49,3.1.21-vfde-59,mobile,-71,0,YES,47,YES,YES,96,NO,NO,NO,
00187657,2850274,Georgenkirchstraße 11,0200000140007016,YES,ok,2025-10-14 06:52,3.1.21-vfde-59,mobile,-71,0,YES,1,YES,YES,96,NO,NO,NO,
00176003,2921895,Lausitzer Platz 2,0200000140006A5A,YES,ok,2025-10-14 06:52,3.1.21-vfde-59,mobile,-85,1,YES,105,YES,YES,84,NO,NO,NO,
00176372,2928479,Linienstraße 88,02000001400068F1,YES,ok,2025-10-14 06:49,3.1.21-vfde-57,mobile,-79,1,YES,172,YES,YES,96,NO,NO,NO,
00176209,6352452,Almstadtstraße 28,02000001400077B0,YES,ok,2025-10-14 06:50,3.1.21-vfde-59,mobile,-63,0,YES,334,YES,YES,79,NO,NO,NO,
00170515,2925696,Lichtenberger Straße 10,0200000140007108,YES,ok,2025-10-14 06:49,3.1.21-vfde-59,mobile,-67,6,YES,2,YES,YES,92,NO,NO,NO,
00176178,2911870,Koppenstraße 54,02000001400069C6,YES,ok,2025-10-14 06:52,3.1.21-vfde-57,mobile,-75,0,YES,197,YES,YES,95,NO,NO,NO,
00176214,3037919,Torstraße 207,02000001400074C0,YES,ok,2025-10-14 06:51,3.1.21-vfde-59,mobile,-91,2,YES,43,YES,YES,86,NO,NO,NO,
00175883,2946563,Mollstraße 25,02000001400068FD,YES,ok,2025-10-14 06:51,3.1.21-vfde-59,mobile,-79,0,YES,143,YES,YES,89,NO,NO,NO,
00176050,2938901,Markgrafenstraße 39,020000014000710D,YES,ok,2025-10-14 06:53,3.1.21-vfde-59,mobile,-73,0,YES,67,YES,YES,89,NO,NO,NO,
00176199,2942930,Memhardstraße 2,020000014000754F,YES,ok,2025-10-14 06:51,3.1.21-vfde-59,mobile,-77,0,YES,27,YES,YES,86,NO,NO,NO,
00175969,2899989,Karl-Liebknecht-Straße 11,020000014000705C,YES,ok,2025-10-14 06:51,3.1.21-vfde-59,mobile,-81,0,YES,6,YES,YES,53,NO,NO,NO,
00176068,2900015,Karl-Marx-Allee 49,0200000140006945,YES,ok,2025-10-14 06:49,3.1.21-vfde-59,mobile,-59,1,YES,43,YES,YES,86,NO,NO,NO,
00176142,2952700,Neue Blumenstraße 8,02000001400071D4,YES,ok,2025-10-14 06:50,3.1.21-vfde-59,mobile,-71,0,YES,19,YES,YES,90,NO,NO,NO,
00176133,8312327,Alexanderstraße 21,0200000140007685,YES,ok,2025-10-14 06:51,3.1.21-vfde-59,mobile,-77,0,YES,2,YES,YES,83,NO,NO,NO,
00176069,3017629,Spandauer Straße 2,0200000140007695,YES,ok,2025-10-14 06:49,3.1.21-vfde-57,mobile,-81,11,YES,7,YES,YES,86,NO,NO,NO,
00175957,2942676,Melchiorstraße 42,02000001400071DC,YES,ok,2025-10-14 06:50,3.1.21-vfde-59,mobile,-75,0,YES,27,YES,YES,88,NO,NO,NO,
00176053,2923353,Leipziger Straße 41,020000014000710F,YES,ok,2025-10-14 06:53,3.1.21-vfde-59,mobile,-79,0,YES,4,YES,YES,81,NO,NO,NO,
00175972,2836630,Fischerinsel 2,02000001400071D2,YES,ok,2025-10-14 06:52,3.1.21-vfde-59,mobile,-77,0,YES,4,YES,YES,82,NO,NO,NO,
00175906,2985841,Rigaer Straße 108,0200000140007646,YES,ok,2025-10-14 06:51,3.1.21-vfde-59,mobile,-75,0,YES,150,YES,YES,87,NO,NO,NO,
00175872,2865865,Haberlandweg 4,02000001400070AD,YES,ok,2025-10-14 06:53,3.1.21-vfde-57,mobile,-69,0,YES,4,YES,YES,87,NO,NO,NO,
00176325,2972085,Platz der Vereinten Nationen 2,02000001400074A6,YES,ok,2025-10-14 06:49,3.1.21-vfde-56,mobile,-63,0,YES,37,YES,YES,85,NO,NO,NO,
00176127,2973105,Poststraße 2,02000001400071DD,YES,ok,2025-10-14 06:51,3.1.21-vfde-57,mobile,-79,1,YES,54,YES,YES,39,NO,NO,NO,
00176197,2899991,Karl-Liebknecht-Straße 15,020000014000755C,YES,ok,2025-10-14 06:53,3.1.21-vfde-59,mobile,-77,0,YES,47,YES,YES,86,NO,NO,NO,
00175881,2975889,Propststraße 8,0200000140007321,YES,ok,2025-10-14 06:53,3.1.21-vfde-59,mobile,-81,0,YES,9,YES,YES,80,NO,NO,NO,
00175916,2732299,Singerstraße 83,0200000140007860,YES,ok,2025-10-14 06:53,3.1.21-vfde-57,mobile,-85,92,YES,4,YES,YES,56,NO,NO,NO,
00176303,2865906,Habersaathstraße 1,0200000140007217,YES,ok,2025-10-14 06:50,3.1.21-vfde-59,mobile,-67,0,YES,5,YES,YES,89,NO,NO,NO,
00187609,2785832,Bersarinplatz 1,02000001400069D9,YES,ok,2025-10-14 06:52,3.1.21-vfde-59,mobile,-77,0,YES,208,YES,YES,89,NO,NO,NO,
00175954,3224124,Weidenweg 53,0200000140006A49,YES,ok,2025-10-14 06:50,3.1.21-vfde-59,mobile,-71,0,YES,140,YES,YES,86,NO,NO,NO,
00175928,2964199,Palisadenstraße 55,02000001400074E6,YES,ok,2025-10-14 06:53,3.1.21-vfde-59,mobile,-79,0,YES,67,YES,YES,87,NO,NO,NO,
00176329,2972084,Platz der Vereinten Nationen 1,020000014000752C,YES,ok,2025-10-14 06:52,3.1.21-vfde-59,mobile,-71,0,YES,42,YES,YES,89,NO,NO,NO,
00176364,2752348,Alexandrinenstraße 101,0200000140007269,YES,ok,2025-10-14 06:49,3.1.21-vfde-59,mobile,-67,0,YES,6,YES,YES,91,NO,NO,NO,
00176392,2900023,Karl-Marx-Allee 18,0200000140007682,YES,ok,2025-10-14 06:51,3.1.21-vfde-57,mobile,-79,0,YES,4,YES,YES,90,NO,NO,NO,
00176195,22715388,Habersaathstraße 2,0200000140007212,YES,ok,2025-10-14 06:50,3.1.21-vfde-59,mobile,-67,0,YES,3,YES,YES,91,NO,NO,NO,
00175847,3037939,Torstraße 188,02000001400072D6,YES,ok,2025-10-14 06:50,3.1.21-vfde-59,mobile,-85,16,YES,33,YES,YES,78,NO,NO,NO,
00176316,2968943,Petersburger Straße 81,02000001400075C7,YES,ok,2025-10-14 06:53,3.1.21-vfde-59,mobile,-55,0,YES,112,YES,YES,84,NO,NO,NO,
00176315,2968943,Petersburger Straße 81,02000001400075C7,YES,ok,2025-10-14 06:53,3.1.21-vfde-59,mobile,-55,0,YES,112,YES,NO
00176354,2923383,Leipziger Straße 119,02000001400075A4,YES,ok,2025-10-14 06:52,3.1.21-vfde-59,mobile,-75,0,YES,120,YES,YES,90,NO,NO,NO,
00176168,2968942,Petersburger Straße 78,02000001400075B6,YES,ok,2025-10-14 06:49,3.1.21-vfde-59,mobile,-75,0,YES,107,YES,YES,77,NO,NO,NO,
00175970,2948180,Muskauer Straße 26,020000014000763F,YES,ok,2025-10-14 06:52,3.1.21-vfde-59,mobile,-87,0,YES,31,YES,YES,62,NO,NO,NO,
00176062,2896347,Köpenicker Straße 108,02000001400071E0,YES,ok,2025-10-14 06:52,3.1.21-vfde-59,mobile,-79,0,YES,3,YES,YES,83,NO,NO,NO,
00175949,2896345,Köpenicker Straße 104,020000014000782B,YES,ok,2025-10-14 06:50,3.1.21-vfde-59,mobile,-65,0,YES,49,YES,YES,87,NO,NO,NO,
00176289,2987032,Ritterstraße 41b,0200000140007692,YES,ok,2025-10-14 06:50,3.1.21-vfde-59,mobile,-73,1,YES,3,YES,YES,89,NO,NO,NO,
00176283,3027846,Strausberger Straße 44,0200000140007507,YES,ok,2025-10-14 06:51,3.1.21-vfde-59,mobile,-71,0,YES,139,YES,YES,83,NO,NO,NO,
00175966,2842708,Friedrichsgracht 58,0200000140007721,YES,ok,2025-10-14 06:51,3.1.21-vfde-59,mobile,-81,0,YES,255,YES,YES,85,NO,NO,NO,
00176055,2940672,Mauerstraße 68,020000014000730F,YES,ok,2025-10-14 06:52,3.1.21-vfde-59,mobile,-81,0,YES,87,YES,YES,89,NO,NO,NO,
00175899,2839737,Frankfurter Allee 90,02000001400074E4,YES,ok,2025-10-14 06:48,3.1.21-vfde-59,mobile,-79,0,YES,66,YES,YES,89,NO,NO,NO,
00175944,2936560,Marchlewskistraße 26,0200000140006A16,YES,ok,2025-10-14 06:51,3.1.21-vfde-59,mobile,-71,0,YES,175,YES,YES,86,NO,NO,NO,
00176139,2899989,Karl-Liebknecht-Straße 11,020000014000705C,YES,ok,2025-10-14 06:51,3.1.21-vfde-59,mobile,-81,0,YES,6,YES,YES,71,NO,NO,NO,
00176128,2836630,Fischerinsel 2,02000001400071D2,YES,ok,2025-10-14 06:52,3.1.21-vfde-59,mobile,-77,0,YES,4,YES,YES,89,NO,NO,NO,
00176054,3017629,Spandauer Straße 2,0200000140007695,YES,ok,2025-10-14 06:49,3.1.21-vfde-57,mobile,-81,11,YES,7,YES,YES,86,NO,NO,NO,
00175930,2985841,Rigaer Straße 108,0200000140007646,YES,ok,2025-10-14 06:51,3.1.21-vfde-59,mobile,-75,0,YES,150,YES,YES,83,NO,NO,NO,
00176326,2972085,Platz der Vereinten Nationen 2,02000001400074A6,YES,ok,2025-10-14 06:49,3.1.21-vfde-56,mobile,-63,0,YES,37,YES,YES,86,NO,NO,NO,
00176125,2973105,Poststraße 2,02000001400071DD,YES,ok,2025-10-14 06:51,3.1.21-vfde-57,mobile,-79,1,YES,54,YES,YES,80,NO,NO,NO,
00175924,2839737,Frankfurter Allee 90,02000001400074E4,YES,ok,2025-10-14 06:48,3.1.21-vfde-59,mobile,-79,0,YES,66,YES,YES,86,NO,NO,NO,
00176136,2899989,Karl-Liebknecht-Straße 11,020000014000705C,YES,ok,2025-10-14 06:51,3.1.21-vfde-59,mobile,-81,0,YES,6,YES,YES,87,NO,NO,NO,
